compound_iso_smiles,target_sequence,affinity
[H]Oc1c([O-])c([H])c2oc(-c3c([H])c([H])c([H])c([H])c3[H])c([H])c(=O)c2c1O[H],SGFRKMAFPSGKVEGCMVQVTCGTTTLNGLWLDDVVYCPRHVICTSEDMLNPNYEDLLIRKSNHNFLVQAGNVQLRVIGHSMQNCVLKLKVDTANPKTPKYKFVRIQPGQTFSVLACYNGSPSGVYQCAMRPNFTIKGSFLNGSCGSVGFNIDYDCVSFCYMHHMELPTGVHAGTDLEGNFYGPFVDRQTAQAAGTDTTITVNVLAWLYAAVINGDRWFLNRFTTTLNDFNLVAMKYNYEPLTQDHVDILGPLSAQTGIAVLDMCASLKELLQNGMNGRTILGSALLEDEFTPFDVVRQCSGVTFQ,5.394694954
[H]c1nc([H])c([C@]([H])(C(=O)N([H])C2([H])C([H])([H])C([H])([H])C([H])([H])C([H])([H])C2([H])[H])N(C(=O)c2nc([H])n([H])c2[H])c2c([H])c([H])c(C(C([H])([H])[H])(C([H])([H])[H])C([H])([H])[H])c([H])c2[H])c([H])c1[H],SGFRKMAFPSGKVEGCMVQVTCGTTTLNGLWLDDVVYCPRHVICTSEDMLNPNYEDLLIRKSNHNFLVQAGNVQLRVIGHSMQNCVLKLKVDTANPKTPKYKFVRIQPGQTFSVLACYNGSPSGVYQCAMRPNFTIKGSFLNGSCGSVGFNIDYDCVSFCYMHHMELPTGVHAGTDLEGNFYGPFVDRQTAQAAGTDTTITVNVLAWLYAAVINGDRWFLNRFTTTLNDFNLVAMKYNYEPLTQDHVDILGPLSAQTGIAVLDMCASLKELLQNGMNGRTILGSALLEDEFTPFDVVRQCSGVTF,5.638272164
[H]c1onc(C([H])([H])N2C(=O)N([H])[C@]3(C2=O)c2c([H])c([H])c(Cl)c([H])c2C([H])([H])C3([H])[H])c1[H],SGFRKMAFPSGKVEGCMVQVTCGTTTLNGLWLDDVVYCPRHVICTSEDMLNPNYEDLLIRKSNHNFLVQAGNVQLRVIGHSMQNCVLKLKVDTANPKTPKYKFVRIQPGQTFSVLACYNGSPSGVYQCAMRPNFTIKGSFLNGSCGSVGFNIDYDCVSFCYMHHMELPTGVHAGTDLEGNFYGPFVDRQTAQAAGTDTTITVNVLAWLYAAVINGDRWFLNRFTTTLNDFNLVAMKYNYEPLTQDHVDILGPLSAQTGIAVLDMCASLKELLQNGMNGRTILGSALLEDEFTPFDVVRQCSGVTF,4.200659451
[H]c1c([H])c([H])c2c(nnn2C([H])([H])C(=O)N2C([H])([H])C([H])([H])C([H])(C([H])([H])[H])C([H])([H])C2([H])[H])c1[H],SGFRKMAFPSGKVEGCMVQVTCGTTTLNGLWLDDVVYCPRHVICTSEDMLNPNYEDLLIRKSNHNFLVQAGNVQLRVIGHSMQNCVLKLKVDTANPKTPKYKFVRIQPGQTFSVLACYNGSPSGVYQCAMRPNFTIKGSFLNGSCGSVGFNIDYDCVSFCYMHHMELPTGVHAGTDLEGNFYGPFVDRQTAQAAGTDTTITVNVLAWLYAAVINGDRWFLNRFTTTLNDFNLVAMKYNYEPLTQDHVDILGPLSAQTGIAVLDMCASLKELLQNGMNGRTILGSALLEDEFTPFDVVRQCSGVTF,4.698970004
[H]c1nc([H])c(N2C(=O)N([H])[C@@]([H])(C([H])([H])C3([H])C([H])([H])C([H])([H])C([H])([H])C([H])([H])C3([H])[H])C2=O)c([H])c1F,SGFRKMAFPSGKVEGCMVQVTCGTTTLNGLWLDDVVYCPRHVICTSEDMLNPNYEDLLIRKSNHNFLVQAGNVQLRVIGHSMQNCVLKLKVDTANPKTPKYKFVRIQPGQTFSVLACYNGSPSGVYQCAMRPNFTIKGSFLNGSCGSVGFNIDYDCVSFCYMHHMELPTGVHAGTDLEGNFYGPFVDRQTAQAAGTDTTITVNVLAWLYAAVINGDRWFLNRFTTTLNDFNLVAMKYNYEPLTQDHVDILGPLSAQTGIAVLDMCASLKELLQNGMNGRTILGSALLEDEFTPFDVVRQCSGVTF,4.585026652
[H]C([H])=C1C([H])([H])C([H])([H])N(C(=O)C([H])([H])n2nnc3c([H])c([H])c([H])c([H])c32)C([H])([H])C1([H])[H],SGFRKMAFPSGKVEGCMVQVTCGTTTLNGLWLDDVVYCPRHVICTSEDMLNPNYEDLLIRKSNHNFLVQAGNVQLRVIGHSMQNCVLKLKVDTANPKTPKYKFVRIQPGQTFSVLACYNGSPSGVYQCAMRPNFTIKGSFLNGSCGSVGFNIDYDCVSFCYMHHMELPTGVHAGTDLEGNFYGPFVDRQTAQAAGTDTTITVNVLAWLYAAVINGDRWFLNRFTTTLNDFNLVAMKYNYEPLTQDHVDILGPLSAQTGIAVLDMCASLKELLQNGMNGRTILGSALLEDEFTPFDVVRQCSGVTF,4.356547324
[H]c1oc([H])c(C([H])([H])N(C(=O)C([H])([H])n2nnc3c([H])c([H])c([H])c([H])c32)C([H])([H])C([H])([H])[H])c1[H],SGFRKMAFPSGKVEGCMVQVTCGTTTLNGLWLDDVVYCPRHVICTSEDMLNPNYEDLLIRKSNHNFLVQAGNVQLRVIGHSMQNCVLKLKVDTANPKTPKYKFVRIQPGQTFSVLACYNGSPSGVYQCAMRPNFTIKGSFLNGSCGSVGFNIDYDCVSFCYMHHMELPTGVHAGTDLEGNFYGPFVDRQTAQAAGTDTTITVNVLAWLYAAVINGDRWFLNRFTTTLNDFNLVAMKYNYEPLTQDHVDILGPLSAQTGIAVLDMCASLKELLQNGMNGRTILGSALLEDEFTPFDVVRQCSGVTF,4.214670165
[H]c1c([H])c([H])c2sc(C(=O)[C@@]([H])(N([H])C(=O)[C@@]([H])(N([H])C(=O)c3c([H])c4c(OC([H])([H])[H])c([H])c([H])c([H])c4n3[H])C([H])([H])C([H])(C([H])([H])[H])C([H])([H])[H])C([H])([H])[C@@]3([H])C(=O)N([H])C([H])([H])C3([H])[H])nc2c1[H],SGFRKMAFPSGKVEGCMVQVTCGTTTLNGLWLDDVVYCPRHVICTSEDMLNPNYEDLLIRKSNHNFLVQAGNVQLRVIGHSMQNCVLKLKVDTANPKTPKYKFVRIQPGQTFSVLACYNGSPSGVYQCAMRPNFTIKGSFLNGSCGSVGFNIDYDCVSFCYMHHMELPTGVHAGTDLEGNFYGPFVDRQTAQAAGTDTTITVNVLAWLYAAVINGDRWFLNRFTTTLNDFNLVAMKYNYEPLTQDHVDILGPLSAQTGIAVLDMCASLKELLQNGMNGRTILGSALLEDEFTPFDVVRQCSGV,6.13076828
[H]c1c([H])c([H])c(C([H])([H])OC(=O)N([H])[C@]([H])(C(=O)N([H])[C@]([H])(C(=O)N([H])[C@]([H])(C(=O)c2nc3c([H])c([H])c([H])c([H])c3s2)C([H])([H])[C@@]2([H])C(=O)N([H])C([H])([H])C2([H])[H])C([H])([H])C([H])(C([H])([H])[H])C([H])([H])[H])C([H])(C([H])([H])[H])C([H])([H])[H])c([H])c1[H],SGFRKMAFPSGKVEGCMVQVTCGTTTLNGLWLDDVVYCPRHVICTSEDMLNPNYEDLLIRKSNHNFLVQAGNVQLRVIGHSMQNCVLKLKVDTANPKTPKYKFVRIQPGQTFSVLACYNGSPSGVYQCAMRPNFTIKGSFLNGSCGSVGFNIDYDCVSFCYMHHMELPTGVHAGTDLEGNFYGPFVDRQTAQAAGTDTTITVNVLAWLYAAVINGDRWFLNRFTTTLNDFNLVAMKYNYEPLTQDHVDILGPLSAQTGIAVLDMCASLKELLQNGMNGRTILGSALLEDEFTPFDVVRQCSGVTF,5.769551079
[H]c1nc([H])c([C@]([H])(C(=O)N([H])[C@]([H])(c2c([H])c([H])c([H])c([H])c2[H])C([H])([H])[H])N(C(=O)c2oc([H])c([H])c2[H])c2c([H])c([H])c(-c3c([H])c([H])c([H])c([H])c3[H])c([H])c2[H])c([H])c1[H],SGFRKMAFPSGKVEGCMVQVTCGTTTLNGLWLDDVVYCPRHVICTSEDMLNPNYEDLLIRKSNHNFLVQAGNVQLRVIGHSMQNCVLKLKVDTANPKTPKYKFVRIQPGQTFSVLACYNGSPSGVYQCAMRPNFTIKGSFLNGSCGSVGFNIDYDCVSFCYMHHMELPTGVHAGTDLEGNFYGPFVDRQTAQAAGTDTTITVNVLAWLYAAVINGDRWFLNRFTTTLNDFNLVAMKYNYEPLTQDHVDILGPLSAQTGIAVLDMCASLKELLQNGMNGRTILGSALLEDEFTPFDVVRQCSGV,6.698970004
[H]c1nc([H])c([C@]([H])(C(=O)N([H])C(C([H])([H])[H])(C([H])([H])[H])C([H])([H])[H])N(C(=O)c2oc([H])c([H])c2[H])c2c([H])c([H])c(C(C([H])([H])[H])(C([H])([H])[H])C([H])([H])[H])c([H])c2[H])c([H])c1[H],SGFRKMAFPSGKVEGCMVQVTCGTTTLNGLWLDDVVYCPRHVICTSEDMLNPNYEDLLIRKSNHNFLVQAGNVQLRVIGHSMQNCVLKLKVDTANPKTPKYKFVRIQPGQTFSVLACYNGSPSGVYQCAMRPNFTIKGSFLNGSCGSVGFNIDYDCVSFCYMHHMELPTGVHAGTDLEGNFYGPFVDRQTAQAAGTDTTITVNVLAWLYAAVINGDRWFLNRFTTTLNDFNLVAMKYNYEPLTQDHVDILGPLSAQTGIAVLDMCASLKELLQNGMNGRTILGSALLEDEFTPFDVVRQCSGVTF,5.823908741
[H]c1nc([H])c(-n2c([H])c(-c3c([H])c([H])c([H])c([H])c3C#N)c([H])c(-c3c([H])c(Cl)c([H])c(Cl)c3[H])c2=O)c([H])c1[H],SGFRKMAFPSGKVEGCMVQVTCGTTTLNGLWLDDVVYCPRHVICTS,5.395773947
[H]c1nc([H])c(-n2c([H])c(-c3c([H])c([H])c([H])c([H])c3C#N)c([H])c(-c3c([H])c(Cl)c([H])c(OC([H])([H])C([H])([H])C([H])([H])[H])c3[H])c2=O)c([H])c1[H],SGFRKMAFPSGKVEGCMVQVTCGTTTLNGLWLDDVVYCPRHVICTSEDMLNPNYEDLLIRKSNHNFLVQAGNVQLRVIGHSMQNCVLKLKVDTANPKTPKYKFVRIQPGQTFSVLACYNGSPSGVYQCAMRPNFTIKGSFLNGSCGSVGFNIDYDCVSFCYMHHMELPTGVHAGTDLEGNFYGPFVDRQTAQAAGTDTTITVNVLAWLYAAVINGDRWFLNRFTTTLNDFNLVAMKYNYEPLTQDHVDILGPLSAQTGIAVLDMCASLKELLQNGMNGRTILGSALLEDEFTPFDVVRQCSGVTFQ,6.853871964
[H]c1nc([H])c(-n2c([H])c(-c3c([H])n([H])c(=O)n([H])c3=O)c([H])c(-c3c([H])c(Cl)c([H])c(OC([H])([H])c4c([H])c([H])c([H])c([H])c4[H])c3[H])c2=O)c([H])c1[H],SGFRKMAFPSGKVEGCMVQVTCGTTTLNGLWLDDVVYCPRHVICTSEDMLNPNYEDLLIRKSNHNFLVQAGNVQLRVIGHSMQNCVLKLKVDTANPKTPKYKFVRIQPGQTFSVLACYNGSPSGVYQCAMRPNFTIKGSFLNGSCGSVGFNIDYDCVSFCYMHHMELPTGVHAGTDLEGNFYGPFVDRQTAQAAGTDTTITVNVLAWLYAAVINGDRWFLNRFTTTLNDFNLVAMKYNYEPLTQDHVDILGPLSAQTGIAVLDMCASLKELLQNGMNGRTILGSALLEDEFTPFDVVRQCSGVTF,6.89279003
[H]c1nc([H])c(-n2c([H])c(-c3c([H])c([H])c([H])c([H])c3C#N)c([H])c(-c3c([H])c(Cl)c([H])c(OC([H])([H])C4([H])C([H])([H])C4([H])[H])c3[H])c2=O)c([H])c1[H],SGFRKMAFPSGKVEGCMVQVTCGTTTLNGLWLDDVVYCPRHVICTSEDMLNPNYEDLLIRKSNHNFLVQAGNVQLRVIGHSMQNCVLKLKVDTANPKTPKYKFVRIQPGQTFSVLACYNGSPSGVYQCAMRPNFTIKGSFLNGSCGSVGFNIDYDCVSFCYMHHMELPTGVHAGTDLEGNFYGPFVDRQTAQAAGTDTTITVNVLAWLYAAVINGDRWFLNRFTTTLNDFNLVAMKYNYEPLTQDHVDILGPLSAQTGIAVLDMCASLKELLQNGMNGRTILGSALLEDEFTPFDVVRQCSGVTFQ,6.769551079
[H]C(=O)[C@@]([H])(N([H])C(=O)[C@@]([H])(N([H])C(=O)O[C@]([H])(c1c([H])c([H])c([H])c([H])c1[H])C([H])([H])[H])C([H])([H])C([H])(C([H])([H])[H])C([H])([H])[H])C([H])([H])[C@@]1([H])C(=O)N([H])C([H])([H])C1([H])[H],SGFRKMAFPSGKVEGCMVQVTCGTTTLNGLWLDDVVYCPRHVICTSEDMLNPNYEDLLIRKSNHNFLVQAGNVQLRVIGHSMQNCVLKLKVDTANPKTPKYKFVRIQPGQTFSVLACYNGSPSGVYQCAMRPNFTIKGSFLNGSCGSVGFNIDYDCVSFCYMHHMELPTGVHAGTDLEGNFYGPFVDRQTAQAAGTDTTITVNVLAWLYAAVINGDRWFLNRFTTTLNDFNLVAMKYNYEPLTQDHVDILGPLSAQTGIAVLDMCASLKELLQNGMNGRTILGSALLEDEFTPFDVVRQCSGVTFQ,6.568636236
[H]c1nn([H])c([H])c1-c1c([H])c([H])c(N(C(=O)C([H])([H])n2nnc3c([H])c([H])c([H])c([H])c32)C([H])([H])c2c([H])sc([H])c2[H])c([H])c1[H],SGFRKMAFPSGKVEGCMVQVTCGTTTLNGLWLDDVVYCPRHVICTSEDMLNPNYEDLLIRKSNHNFLVQAGNVQLRVIGHSMQNCVLKLKVDTANPKTPKYKFVRIQPGQTFSVLACYNGSPSGVYQCAMRPNFTIKGSFLNGSCGSVGFNIDYDCVSFCYMHHMELPTGVHAGTDLEGNFYGPFVDRQTAQAAGTDTTITVNVLAWLYAAVINGDRWFLNRFTTTLNDFNLVAMKYNYEPLTQDHVDILGPLSAQTGIAVLDMCASLKELLQNGMNGRTILGSALLEDEFTPFDVVRQCSG,6.974694135
[H]c1sc([H])c(C([H])([H])N(C(=O)C([H])([H])n2nnc3c([H])c([H])c([H])c([H])c32)c2c([H])c([H])c(-c3nc([H])n([H])c3[H])c([H])c2[H])c1[H],SGFRKMAFPSGKVEGCMVQVTCGTTTLNGLWLDDVVYCPRHVICTSEDMLNPNYEDLLIRKSNHNFLVQAGNVQLRVIGHSMQNCVLKLKVDTANPKTPKYKFVRIQPGQTFSVLACYNGSPSGVYQCAMRPNFTIKGSFLNGSCGSVGFNIDYDCVSFCYMHHMELPTGVHAGTDLEGNFYGPFVDRQTAQAAGTDTTITVNVLAWLYAAVINGDRWFLNRFTTTLNDFNLVAMKYNYEPLTQDHVDILGPLSAQTGIAVLDMCASLKELLQNGMNGRTILGSALLEDEFTPFDVVRQCSGVTF,7.200659451
[H]C1=NC(=O)N([H])C(=O)[C]1c1c([H])c(-c2c([H])c(Cl)c([H])c(OC([H])([H])C([H])([H])C([H])([H])[H])c2[H])c(=O)n(-c2c([H])nc([H])c([H])c2[H])c1[H],SGFRKMAFPSGKVEGCMVQVTCGTTTLNGLWLDDVVYCPRHVICTSEDMLNPNYEDLLIRKSNHNFLVQAGNVQLRVIGHSMQNCVLKLKVDTANPKTPKYKFVRIQPGQTFSVLACYNGSPSGVYQCAMRPNFTIKGSFLNGSCGSVGFNIDYDCVSFCYMHHMELPTGVHAGTDLEGNFYGPFVDRQTAQAAGTDTTITVNVLAWLYAAVINGDRWFLNRFTTTLNDFNLVAMKYNYEPLTQDHVDILGPLSAQTGIAVLDMCASLKELLQNGMNGRTILGSALLEDEFTPFDVVRQCS,6.920818754
[H]c1nc([H])c(-n2c([H])c(-c3c([H])n([H])c(=O)n([H])c3=O)c([H])c(-c3c([H])c(Cl)c([H])c(OC([H])([H])c4c([H])c([H])c([H])c([H])c4C([H])([H])[H])c3[H])c2=O)c([H])c1[H],SGFRKMAFPSGKVEGCMVQVTCGTTTLNGLWLDDVVYCPRHVICTSEDMLNPNYEDLLIRKSNHNFLVQAGNVQLRVIGHSMQNCVLKLKVDTANPKTPKYKFVRIQPGQTFSVLACYNGSPSGVYQCAMRPNFTIKGSFLNGSCGSVGFNIDYDCVSFCYMHHMELPTGVHAGTDLEGNFYGPFVDRQTAQAAGTDTTITVNVLAWLYAAVINGDRWFLNRFTTTLNDFNLVAMKYNYEPLTQDHVDILGPLSAQTGIAVLDMCASLKELLQNGMNGRTILGSALLEDEFTPFDVVRQCS,7.0
[H]C1=NC(=O)N([H])C(=O)[C]1c1c([H])c(-c2c([H])c(Cl)c([H])c(OC([H])([H])c3c([H])c([H])c([H])c(F)c3[H])c2[H])c(=O)n(-c2c([H])nc([H])c([H])c2[H])c1[H],SGFRKMAFPSGKVEGCMVQVTCGTTTLNGLWLDDVVYCPRHVICTS,7.431798276
[H]C1=NC(=O)N([H])C(=O)[C]1c1c([H])c(-c2c([H])c(Cl)c(F)c(OC([H])([H])c3c([H])c([H])c([H])c([H])c3Cl)c2[H])c(=O)n(-c2c([H])nc([H])c([H])c2[H])c1[H],SGFRKMAFPSGKVEGCMVQVTCGTTTLNGLWLDDVVYCPRHVICTSEDMLNPNYEDLLIRKSNHNFLVQAGNVQLRVIGHSMQNCVLKLKVDTANPKTPKYKFVRIQPGQTFSVLACYNGSPSGVYQCAMRPNFTIKGSFLNGSCGSVGFNIDYDCVSFCYMHHMELPTGVHAGTDLEGNFYGPFVDRQTAQAAGTDTTITVNVLAWLYAAVINGDRWFLNRFTTTLNDFNLVAMKYNYEPLTQDHVDILGPLSAQTGIAVLDMCASLKELLQNGMNGRTILGSALLEDEFTPFDVVRQCS,7.698970004
[H]c1nc([H])c(-n2c([H])c(-c3c([H])c([H])c([H])c([H])c3C#N)c([H])c(-c3c([H])c(Cl)c([H])c(OC([H])([H])C([H])([H])OC([H])([H])[H])c3[H])c2=O)c([H])c1[H],SGFRKMAFPSGKVEGCMVQVTCGTTTLNGLWLDDVVYCPRHVICT,6.327902142
[H]C1=NC(=O)N([H])C(=O)[C]1c1c([H])c(-c2c([H])c(Cl)c([H])c(OC([H])([H])C([H])([H])c3c([H])c([H])c([H])c([H])c3[H])c2[H])c(=O)n(-c2c([H])nc([H])c([H])c2[H])c1[H],SGFRKMAFPSGKVEGCMVQVTCGTTTLNGLWLDDVVYCPRHVICTSEDMLNPNYEDLLIRKSNHNFLVQAGNVQLRVIGHSMQNCVLKLKVDTANPKTPKYKFVRIQPGQTFSVLACYNGSPSGVYQCAMRPNFTIKGSFLNGSCGSVGFNIDYDCVSFCYM,6.958607315
[H]OC(C([H])([H])[H])(C([H])([H])[H])C([H])([H])C([H])([H])Oc1c([H])c(Cl)c([H])c(-c2c([H])c(-c3c([H])n([H])c(=O)n([H])c3=O)c([H])n(-c3c([H])nc([H])c([H])c3[H])c2=O)c1[H],SGFRKMAFPSGKVEGCMVQVTCGTTTLNGLWLDDVVYCPRHVICT,6.451544993
[H]C1=NC(=O)N([H])C(=O)[C]1c1c([H])c(-c2c([H])c(Cl)c([H])c(OC([H])([H])C([H])([H])N3C([H])([H])C(=O)N([H])C([H])([H])C3([H])[H])c2[H])c(=O)n(-c2c([H])nc([H])c([H])c2[H])c1[H],SGFRKMAFPSGKVEGCMVQVTCGTTTLNGLWLDDVVYCPRHVICTS,6.451544993
[H]c1nc([H])c(-n2c([H])c(-c3c([H])n([H])c(=O)n([H])c3=O)c([H])c(-c3c([H])c(Cl)c([H])c(OC([H])([H])C([H])([H])C(F)(F)F)c3[H])c2=O)c([H])c1[H],SGFRKMAFPSGKVEGCMVQVTCGTTTLNGLWLDDVVYCPRHVICTS,7.602059991
[H]c1nc(C([H])([H])Oc2c([H])c(Cl)c([H])c(-c3c([H])c(-c4c([H])n([H])c(=O)n([H])c4=O)c([H])n(-c4c([H])nc([H])c([H])c4[H])c3=O)c2[H])c(C([H])([H])[H])s1,SGFRKMAFPSGKVEGCMVQVTCGTTTLNGLWLDDVVYCPRHVIC,7.37675071
[H][C]1C(=O)N([H])C(=O)N=C1C(=O)N1C([H])([H])C([H])([H])N(c2c([H])c([H])c(Cl)c(Cl)c2[H])C([H])([H])C1([H])[H],SGFRKMAFPSGKVEGCMVQVTCGTTTLNGLWLDDVVYCPRHVICTSEDMLNPNYEDLLIRKSNHNFLVQAGNVQLRVIGHSMQNCVLKLKVDTANPKTPKYKFVRIQPGQTFSVLACYNGSPSGVYQCAMRPNFTIKGSFLNGSCGSVGFNIDYDCVSFCYMHHMELPTGVHAGTDLEGNFYGPFVDRQTAQAAGTDTTITVNVLAWLYAAVINGDRWFLNRFTTTLNDFNLVAMKYNYEPLTQDHVDILGPLSAQTGIAVLDMCASLKELLQNGMNGRTILGSALLEDEFTPFDVVRQCSGVTFQ,6.167491087
[H]Oc1c([H])c([H])c([H])c([C@@]([H])(C(=O)N([H])C([H])([H])c2c([H])c([H])c3c(c2[H])OC([H])([H])O3)N(C(=O)C([H])=C([H])[H])C([H])([H])C([H])([H])C([H])([H])[H])c1[H],SGFRKMAFPSGKVEGCMVQVTCGTTTLNGLWLDDVVYCPRHVICTSEDMLNPNYEDLLIRKSNHNFLVQAGNVQLRVIGHSMQNCVLKLKVDTANPKTPKYKFVRIQPGQTFSVLACYNGSPSGVYQCAMRPNFTIKGSFLNGSCGSVGFNIDYDCVSFCYMHHMELPTGVHAGTDLEGNFYGPFVDRQTAQAAGTDTTITVNVLAWLYAAVINGDRWFLNRFTTTLNDFNLVAMKYNYEPLTQDHVDILGPLSAQTGIAVLDMCASLKELLQNGMNGRTILGSALLEDEFTPFDVVRQCSGVTF,3.0
[H]c1nc([H])c2c([H])c([H])c([H])c([H])c2c1N1C(=O)N([H])[C@]2(C1=O)C([H])([H])[C@@]([H])(C1([H])C([H])([H])C([H])([H])C1([H])[H])C2([H])[H],SGFRKMAFPSGKVEGCMVQVTCGTTTLNGLWLDDVVYCPRHVICTSEDMLNPNYEDLLIRKSNHNFLVQAGNVQLRVIGHSMQNCVLKLKVDTANPKTPKYKFVRIQPGQTFSVLACYNGSPSGVYQCAMRPNFTIKGSFLNGSCGSVGFNIDYDCVSFCYMHHMELPTGVHAGTDLEGNFYGPFVDRQTAQAAGTDTTITVNVLAWLYAAVINGDRWFLNRFTTTLNDFNLVAMKYNYEPLTQDHVDILGPLSAQTGIAVLDMCASLKELLQNGMNGRTILGSALLEDEFTPFDVVRQCS,6.48148606
[H]c1c([H])c([H])c2c(c1[H])N([H])C(=O)C([H])([H])[C@@]2([H])C(=O)N([H])c1c([H])c([H])c(I)c([H])c1[H],SGFRKMAFPSGKVEGCMVQVTCGTTTLNGLWLDDVVYCPRHVICTSEDMLNPNYEDLLIRKSNHNFLVQAGNVQLRVIGHSMQNCVLKLKVDTANPKTPKYKFVRIQPGQTFSVLACYNGSPSGVYQCAMRPNFTIKGSFLNGSCGSVGFNIDYDCVSFCYMHHMELPTGVHAGTDLEGNFYGPFVDRQTAQAAGTDTTITVNVLAWLYAAVINGDRWFLNRFTTTLNDFNLVAMKYNYEPLTQDHVDILGPLSAQTGIAVLDMCASLKELLQNGMNGRTILGSALLEDEFTPFDVVRQCSGVTF,6.0
[H]c1nc([H])c2c([H])c([H])c([H])c([H])c2c1N1C(=O)N([H])[C@]2(C1=O)C([H])([H])[C@]([H])(c1c([H])c([H])c([H])c([H])c1[H])C2([H])[H],SGFRKMAFPSGKVEGCMVQVTCGTTTLNGLWLDDVVYCPRHVICTSEDMLNPNYEDLLIRKSNHNFLVQAGNVQLRVIGHSMQNCVLKLKVDTANPKTPKYKFVRIQPGQTFSVLACYNGSPSGVYQCAMRPNFTIKGSFLNGSCGSVGFNIDYDCVSFCYMHHMELPTGVHAGTDLEGNFYGPFVDRQTAQAAGTDTTITVNVLAWLYAAVINGDRWFLNRFTTTLNDFNLVAMKYNYEPLTQDHVDILGPLSAQTGIAVLDMCASLKELLQNGMNGRTILGSALLEDEFTPFDVVRQCSGVT,6.408935393
[H][C]1C(=O)N([H])C(=O)N=C1C(=O)N1C([H])([H])C([H])([H])N(c2c([H])c(Cl)c(Cl)c(Cl)c2[H])C([H])([H])C1([H])[H],SGFRKMAFPSGKVEGCMVQVTCGTTTLNGLWLDDVVYCPRHVICTSEDMLNPNYEDLLIRKSNHNFLVQAGNVQLRVIGHSMQNCVLKLKVDTANPKTPKYKFVRIQPGQTFSVLACYNGSPSGVYQCAMRPNFTIKGSFLNGSCGSVGFNIDYDCVSFCYMHHMELPTGVHAGTDLEGNFYGPFVDRQTAQAAGTDTTITVNVLAWLYAAVINGDRWFLNRFTTTLNDFNLVAMKYNYEPLTQDHVDILGPLSAQTGIAVLDMCASLKELLQNGMNGRTILGSALLEDEFTPFDVVRQCSGVTFQ,6.537602002
[H][C]1C(=O)N([H])C(=O)N=C1C(=O)N1C([H])([H])C([H])([H])N(c2c([H])c(Cl)c(C([H])([H])[H])c(Cl)c2[H])C([H])([H])C1([H])[H],SGFRKMAFPSGKVEGCMVQVTCGTTTLNGLWLDDVVYCPRHVICTSEDMLNPNYEDLLIRKSNHNFLVQAGNVQLRVIGHSMQNCVLKLKVDTANPKTPKYKFVRIQPGQTFSVLACYNGSPSGVYQCAMRPNFTIKGSFLNGSCGSVGFNIDYDCVSFCYMHHMELPTGVHAGTDLEGNFYGPFVDRQTAQAAGTDTTITVNVLAWLYAAVINGDRWFLNRFTTTLNDFNLVAMKYNYEPLTQDHVDILGPLSAQTGIAVLDMCASLKELLQNGMNGRTILGSALLEDEFTPFDVVRQCSGVTFQ,6.537602002
[H][C]1C(=O)N([H])C(=O)N=C1C(=O)N1C([H])([H])C([H])([H])N(c2c([H])c([H])c(Br)c(Cl)c2[H])C([H])([H])C1([H])[H],SGFRKMAFPSGKVEGCMVQVTCGTTTLNGLWLDDVVYCPRHVICTSEDMLNPNYEDLLIRKSNHNFLVQAGNVQLRVIGHSMQNCVLKLKVDTANPKTPKYKFVRIQPGQTFSVLACYNGSPSGVYQCAMRPNFTIKGSFLNGSCGSVGFNIDYDCVSFCYMHHMELPTGVHAGTDLEGNFYGPFVDRQTAQAAGTDTTITVNVLAWLYAAVINGDRWFLNRFTTTLNDFNLVAMKYNYEPLTQDHVDILGPLSAQTGIAVLDMCASLKELLQNGMNGRTILGSALLEDEFTPFDVVRQCSGVTFQ,6.167491087
[H][C]1C(=O)N([H])C(=O)N=C1C(=O)N1C([H])([H])C([H])([H])N(c2c([H])c([H])c(Cl)c(C(F)(F)F)c2[H])C([H])([H])C1([H])[H],SGFRKMAFPSGKVEGCMVQVTCGTTTLNGLWLDDVVYCPRHVICTSEDMLNPNYEDLLIRKSNHNFLVQAGNVQLRVIGHSMQNCVLKLKVDTANPKTPKYKFVRIQPGQTFSVLACYNGSPSGVYQCAMRPNFTIKGSFLNGSCGSVGFNIDYDCVSFCYMHHMELPTGVHAGTDLEGNFYGPFVDRQTAQAAGTDTTITVNVLAWLYAAVINGDRWFLNRFTTTLNDFNLVAMKYNYEPLTQDHVDILGPLSAQTGIAVLDMCASLKELLQNGMNGRTILGSALLEDEFTPFDVVRQCSGVTFQ,5.853871964
[H][C]1C(=O)N([H])C(=O)N=C1C(=O)N1C([H])([H])C([H])([H])N(c2c([H])c([H])c(C([H])=O)c(Cl)c2[H])C([H])([H])C1([H])[H],SGFRKMAFPSGKVEGCMVQVTCGTTTLNGLWLDDVVYCPRHVICTSEDMLNPNYEDLLIRKSNHNFLVQAGNVQLRVIGHSMQNCVLKLKVDTANPKTPKYKFVRIQPGQTFSVLACYNGSPSGVYQCAMRPNFTIKGSFLNGSCGSVGFNIDYDCVSFCYMHHMELPTGVHAGTDLEGNFYGPFVDRQTAQAAGTDTTITVNVLAWLYAAVINGDRWFLNRFTTTLNDFNLVAMKYNYEPLTQDHVDILGPLSAQTGIAVLDMCASLKELLQNGMNGRTILGSALLEDEFTPFDVVRQCSGVTFQ,5.207608311
[H][C]1C(=O)N([H])C(=O)N=C1C(=O)N1C([H])([H])C([H])([H])N(c2c([H])c([H])c(C(F)(F)F)c(Cl)c2[H])C([H])([H])C1([H])[H],SGFRKMAFPSGKVEGCMVQVTCGTTTLNGLWLDDVVYCPRHVICTSEDMLNPNYEDLLIRKSNHNFLVQAGNVQLRVIGHSMQNCVLKLKVDTANPKTPKYKFVRIQPGQTFSVLACYNGSPSGVYQCAMRPNFTIKGSFLNGSCGSVGFNIDYDCVSFCYMHHMELPTGVHAGTDLEGNFYGPFVDRQTAQAAGTDTTITVNVLAWLYAAVINGDRWFLNRFTTTLNDFNLVAMKYNYEPLTQDHVDILGPLSAQTGIAVLDMCASLKELLQNGMNGRTILGSALLEDEFTPFDVVRQCSGVTFQ,5.193820026
[H]c1c([H])c(C2([H])C([H])([H])C([H])([H])N(C(=O)c3c([H])c(=O)n([H])c(=O)n3[H])C([H])([H])C2([H])[H])c([H])c(Cl)c1Cl,SGFRKMAFPSGKVEGCMVQVTCGTTTLNGLWLDDVVYCPRHVICTSEDMLNPNYEDLLIRKSNHNFLVQAGNVQLRVIGHSMQNCVLKLKVDTANPKTPKYKFVRIQPGQTFSVLACYNGSPSGVYQCAMRPNFTIKGSFLNGSCGSVGFNIDYDCVSFCYMHHMELPTGVHAGTDLEGNFYGPFVDRQTAQAAGTDTTITVNVLAWLYAAVINGDRWFLNRFTTTLNDFNLVAMKYNYEPLTQDHVDILGPLSAQTGIAVLDMCASLKELLQNGMNGRTILGSALLEDEFTPFDVVRQCSGVTFQ,5.055517328
[H]c1c([H])c(N2C([H])([H])C([H])([H])N(C(=O)c3c([H])c(=O)n([H])c(=O)n3[H])C([H])([H])C2([H])[H])c([H])c([H])c1Cl,SGFRKMAFPSGKVEGCMVQVTCGTTTLNGLWLDDVVYCPRHVICTSEDMLNPNYEDLLIRKSNHNFLVQAGNVQLRVIGHSMQNCVLKLKVDTANPKTPKYKFVRIQPGQTFSVLACYNGSPSGVYQCAMRPNFTIKGSFLNGSCGSVGFNIDYDCVSFCYMHHMELPTGVHAGTDLEGNFYGPFVDRQTAQAAGTDTTITVNVLAWLYAAVINGDRWFLNRFTTTLNDFNLVAMKYNYEPLTQDHVDILGPLSAQTGIAVLDMCASLKELLQNGMNGRTILGSALLEDEFTPFDVVRQCSGVTFQ,4.698970004
[H]OC([H])([H])c1c([H])c([H])c(N2C([H])([H])C([H])([H])N(C(=O)C3=NC(=O)N([H])C(=O)[C]3[H])C([H])([H])C2([H])[H])c([H])c1Cl,SGFRKMAFPSGKVEGCMVQVTCGTTTLNGLWLDDVVYCPRHVICTSEDMLNPNYEDLLIRKSNHNFLVQAGNVQLRVIGHSMQNCVLKLKVDTANPKTPKYKFVRIQPGQTFSVLACYNGSPSGVYQCAMRPNFTIKGSFLNGSCGSVGFNIDYDCVSFCYMHHMELPTGVHAGTDLEGNFYGPFVDRQTAQAAGTDTTITVNVLAWLYAAVINGDRWFLNRFTTTLNDFNLVAMKYNYEPLTQDHVDILGPLSAQTGIAVLDMCASLKELLQNGMNGRTILGSALLEDEFTPFDVVRQCSGVTFQ,4.698970004
[H]c1nc([H])c2c([H])c([H])c([H])c([H])c2c1N([H])C(=O)[C@@]([H])(c1c([H])c([H])c([H])c(F)c1[H])C([H])([H])[H],SGFRKMAFPSGKVEGCMVQVTCGTTTLNGLWLDDVVYCPRHVICTSEDMLNPNYEDLLIRKSNHNFLVQAGNVQLRVIGHSMQNCVLKLKVDTANPKTPKYKFVRIQPGQTFSVLACYNGSPSGVYQCAMRPNFTIKGSFLNGSCGSVGFNIDYDCVSFCYMHHMELPTGVHAGTDLEGNFYGPFVDRQTAQAAGTDTTITVNVLAWLYAAVINGDRWFLNRFTTTLNDFNLVAMKYNYEPLTQDHVDILGPLSAQTGIAVLDMCASLKELLQNGMNGRTILGSALLEDEFTPFDVVRQCSGVTFQ,5.677780705
[H]c1nc([H])c(-c2nc(N([H])c3c([H])c(N([H])C(=O)c4c([H])c([H])c(C([H])([H])[N+]5([H])C([H])([H])C([H])([H])N(C([H])([H])[H])C([H])([H])C5([H])[H])c([H])c4[H])c([H])c([H])c3C([H])([H])[H])sc2[H])c([H])c1[H],SGFRKMAFPSGKVEGCMVQVTCGTTTLNGLWLDDVVYCPRHVICTSEDMLNPNYEDLLIRKSNHNFLVQAGNVQLRVIGHSMQNCVLKLKVDTANPKTPKYKFVRIQPGQTFSVLACYNGSPSGVYQCAMRHNFTIKGSFLNGSCGSVGFNIDYDCVSFCYMHHMELPTGVHAGTDLEGNFYGPFVDRQTAQAAGTDTTITVNVLAWLYAAVINGDRWFLNRFTTTLNDFNLVAMKYNYEPLTQDHVDILGPLSAQTGIAVLDMCASLKELLQNGMNGRTILGSALLEDEFTPFDVVRQC,4.924453039
[H]O[C@]1([H])[C@@]2(O[H])OC([H])([H])[C@@]3([C@@]1([H])C(C([H])([H])[H])(C([H])([H])[H])C([H])([H])C([H])([H])[C@]3([H])O[H])[C@]1([H])C([H])([H])C([H])([H])[C@]3([H])[C@@]([H])(O[H])[C@]21C(=O)[C@]3([H])C([H])([H])[H],SGFRKMAFPSGKVEGCMVQVTCGTTTLNGLWLDDVVYCPRHVICTSEDMLNPNYEDLLIRKSNHNFLVQAGNVQLRVIGHSMQNCVLKLKVDTANPKTPKYKFVRIQPGQTFSVLACYNGSPSGVYQCAMRPNFTIKGSFLNGSCGSVGFNIDYDCVSFCYMHHMELPTGVHAGTDLEGNFYGPFVDRQTAQAAGTDTTITVNVLAWLYAAVINGDRWFLNRFTTTLNDFNLVAMKYNYEPLTQDHVDILGPLSAQTGIAVLDMCASLKELLQNGMNGRTILGSALLEDEFTPFDVVRQCS,5.665546249
[H]N1C(=O)[C@]([H])(C([H])([H])[C@]([H])(N([H])C(=O)[C@@]2([H])N(C(=O)[C@@]([H])(N([H])C(=O)C(F)(F)F)C(C([H])([H])[H])(C([H])([H])[H])C([H])([H])[H])C([H])([H])[C@]3([H])C(C([H])([H])[H])(C([H])([H])[H])[C@@]32[H])C([H])([H])[N+]([H])([H])[H])C([H])([H])C1([H])[H],GFRKMAFPSGKVEGCMVQVTCGTTTLNGLWLDDVVYCPRHVICTSEDMLNPNYEDLLIRKSNHNFLVQAGNVQLRVIGHSMQNCVLKLKVDTANPKTPKYKFVRIQPGQTFSVLACYNGSPSGVYQCAMRPNFTIKGSFLNGSCGSVGFNIDYDCVSFCYMHHMELPTGVHAGTDLEGNFYGPFVDRQTAQAAGTDTTITVNVLAWLYAAVINGDRWFLNRFTTTLNDFNLVAMKYNYEPLTQDHVDILGPLSAQTGIAVLDMCASLKELLQNGMNGRTILGSALLEDEFTPFDVVRQCSGVT,7.638272164
[H]N1C(=O)[C@]([H])(C([H])([H])[C@]([H])(N([H])C(=O)[C@@]2([H])N(C(=O)[C@@]([H])(N([H])C(=O)C(F)(F)F)C(C([H])([H])[H])(C([H])([H])[H])C([H])([H])[H])C([H])([H])[C@]3([H])C(C([H])([H])[H])(C([H])([H])[H])[C@@]32[H])C([H])([H])[N+]([H])([H])[H])C([H])([H])C1([H])[H],RKMAFPSGKVEGCMVQVTCGTTTLNGLWLDDVVYCPRHVICTSEDMLNPNYEDLLIRKSNHNFLVQAGNVQLRVIGHSMQNCVLKLKVDTANPKTPKYKFVRIQPGQTFSVLACYNGSPSGVYQCAMRPNFTIKGSFLNGSCGSVGFNIDYDCVSFCYMHHMELPTGVHAGTDLEGNFYGPFVDRQTAQAAGTDTTITVNVLAWLYAAVINGDRWFLNRFTTTLNDFNLVAMKYNYEPLTQDHVDILGPLSAQTGIAVLDMCASLKELLQNGMNGRTILGSALLEDEFTPFDVVRQ,7.638272164
[H]c1c([H])c(N([H])c2nc(=O)n(C([H])([H])C(=O)N([H])C([H])([H])[H])c(=O)n2C([H])([H])c2c([H])c(F)c(F)c(F)c2[H])c(C([H])([H])[H])c([H])c1OC([H])(F)F,SGFRKMAFPSGKVEGCMVQVTCGTTTLNGLWLDDVVYCPRHVICTSEDMLNPNYEDLLIRKSNHNFLVQA,5.065501549
[H]C1=N/C(=C(\[H])N2C(=O)N([H])C(N([H])C3=C(\[H])C4=C([H])N(C([H])([H])[H])N=C4/C([H])=C\3Cl)N(C([H])([H])C3=C(F)C([H])=C(F)C(F)=C3[H])C2=O)N=N1C([H])([H])[H],FRKMAFPSGKVEGCMVQVTCGTTTLNGLWLDDVVYCPRHVICTSEDMLNPNYEDLLIRKSNHNFLVQAGNVQLRVIGHSMQNCVLKLKVDTANPKTPKYKFVRIQPGQTFSVLACYNGSPSGVYQCAMRPNFTIKGSFLNGSCGSVGFNIDYDCVSFCYMHHMELPTGVHAGTDLEGNFYGPFVDRQTAQAAGTDTTITVNVLAWLYAAVINGDRWFLNRFTTTLNDFNLVAMKYNYEPLTQDHVDILGPLSAQTGIAVLDMCASLKELLQNGMNGRTILGSALLEDEFTPFDVVRQC,7.886056648
[H]C1=C(C([H])([H])[C@@]([H])(C(=O)C([H])([H])OP([O])([O])=O)N([H])C(=O)[C@@]([H])(N([H])C(=O)c2c([H])c3c(OC([H])([H])[H])c([H])c([H])c([H])c3n2[H])C([H])([H])C([H])(C([H])([H])[H])C([H])([H])[H])C(=O)N([H])C1([H])[H],FRKMAFPSGKVEGCMVQVTCGTTTLNGLWLDDVVYCPRHVICTSEDMLNPNYEDLLIRKSNHNFLVQAGNVQLRVIGHSMQNCVLKLKVDTANPKTPKYKFVRIQPGQTFSVLACYNGSPSGVYQCAMRPNFTIKGSFLNGSCGSVGFNIDYDCVSFCYMHHMELPTGVHAGTDLEGNFYGPFVDRQTAQAAGTDTTITVNVLAWLYAAVINGDRWFLNRFTTTLNDFNLVAMKYNYEPLTQDHVDILGPLSAQTGIAVLDMCASLKELLQNGMNGRTILGSALLEDEFTPFDVVR,6.159893906
[H]c1c([H])c(Cl)c([H])c(N([H])C(=O)C([H])([H])[C@]2([H])C(=O)N([H])C([H])([H])C([H])([H])N2C(=O)C([H])([H])[H])c1[H],SGFRKMAFPSGKVEGCMVQVTCGTTTLNGLWLDDVVYCPRHVICTSEDMLNPNYEDLLIRKSNHNFLVQAGNVQLRVIGHSMQNCVLKLKVDTANPKTPKYKFVRIQPGQTFSVLACYNGSPSGVYQCAMRPNFTIKGSFLNGSCGSVGFNIDYDCVSFCYMHHMELPTGVHAGTDLEGNFYGPFVDRQTAQAAGTDTTITVNVLAWLYAAVINGDRWFLNRFTTTLNDFNLVAMKYNYEPLTQDHVDILGPLSAQTGIAVLDMCASLKELLQNGMNGRTILGSALLEDEFTPFDVVRQC,5.070581074
[H]C(=O)c1c([H])c2c([H])c([H])c([H])c([H])c2n1[H],SGFRKMAFPSGKVEGCMVQVTCGTTTLNGLWLDDVVYCPRHVICTSEDMLNPNYEDLLIRKSNHNFLVQAGNVQLRVIGHSMQNCVLKLKVDTANPKTPKYKFVRIQPGQTFSVLACYNGSPSGVYQCAMRPNFTIKGSFLNGSCGSVGFNIDYDCVSFCYMHHMELPTGVHAGTDLEGNFYGPFVDRQTAQAAGTDTTITVNVLAWLYAAVINGDRWFLNRFTTTLNDFNLVAMKYNYEPLTQDHVDILGPLSAQTGIAVLDMCASLKELLQNGMNGRTILGSALLEDEFTPFDVVRQCSG,7.943095149
[H]c1sc(C([H])([H])N([H])C(=O)[C@@]2([H])N(c3c([H])c([H])c(Cl)c(Cl)c3[H])C([H])([H])C([H])([H])N(C(=O)c3c([H])c(=O)n([H])c(=O)n3[H])C2([H])[H])c([H])c1[H],SGFRKMAFPSGKVEGCMVQVTCGTTTLNGLWLDDVVYCPRHVICTSEDMLNPNYEDLLIRKSNHNFLVQAGNVQLRVIGHSMQNCVLKLKVDTANPKTPKYKFVRIQPGQTFSVLACYNGSPSGVYQCAMRPNFTIKGSFLNGSCGSVGFNIDYDCVSFCYMHHMELPTGVHAGTDLEGNFYGPFVDRQTAQAAGTDTTITVNVLAWLYAAVINGDRWFLNRFTTTLNDFNLVAMKYNYEPLTQDHVDILGPLSAQTGIAVLDMCASLKELLQNGMNGRTILGSALLEDEFTPFDVVRQCS,6.356547324
